Workbook

Sheet Dashboard
A1: Gradfessor by Afridi: Application Tracker
A2: Blank template. Fill the yellow columns on the Applications and Professor Outreach sheets; grey columns are formulas.
A4: APPLICATIONS
A5: Programs tracked | B5: =COUNTA(Applications!A2:A301) | C5: Every row with a university name
A6: Submitted (or further along) | B6: =COUNTIF(Applications!R2:R301,"Submitted")+COUNTIF(Applications!R2:R301,"Interview")+COUNTIF(Applications!R2:R301,"Admitted")+COUNTIF(Applications!R2:R301,"Rejected")+COUNTIF(Applications!R2:R301,"Waitlisted") | C6: Status column
A7: Admitted | B7: =COUNTIF(Applications!R2:R301,"Admitted")
A8: Deadlines in the next 14 days | B8: =COUNTIFS(Applications!F2:F301,">=0",Applications!F2:F301,"<=14") | C8: Uses the Days left column
A9: Overdue (deadline passed, not submitted) | B9: =COUNTIFS(Applications!F2:F301,"<0",Applications!R2:R301,"<>Submitted",Applications!R2:R301,"<>Interview",Applications!R2:R301,"<>Admitted",Applications!R2:R301,"<>Rejected",Applications!R2:R301,"<>Waitlisted",Applications!R2:R301,"<>Withdrawn") | C9: Check these first
A10: Total application fees (USD) | B10: =SUM(Applications!H2:H301)
A11: Fees waived (USD) | B11: =SUMIF(Applications!I2:I301,"Granted",Applications!H2:H301) | C11: Fee waiver = Granted
A12: Fee waivers still available to request | B12: =COUNTIF(Applications!I2:I301,"Available") | C12: Email the graduate school before you pay
A13: PROFESSOR OUTREACH
A14: Professors tracked | B14: =COUNTA('Professor Outreach'!A2:A301)
A15: Emails sent | B15: =COUNT('Professor Outreach'!F2:F301) | C15: Rows with an email sent date
A16: Replies received | B16: =COUNT('Professor Outreach'!I2:I301) | C16: Rows with a reply date
A17: Reply rate | B17: =IF(B15=0,0,B16/B15)
A18: Follow-ups due now | B18: =COUNTIF('Professor Outreach'!H2:H301,"DUE") | C18: Follow-up status = DUE
A19: Interviews / calls scheduled | B19: =COUNT('Professor Outreach'!K2:K301)
A20: Confirmed support | B20: =COUNTIF('Professor Outreach'!E2:E301,"Confirmed support") | C20: Professor agreed to support or fund you
A21: SETTINGS
A22: Follow up after (business days) | B22: 10 | C22: Edit this number; the follow-up formulas use it
A24: How to use
A25: • Yellow header columns are for you to fill. Grey header columns are formulas; do not type over them.
A26: • Dropdowns: Status, Fee waiver, GRE, SOP/RS status, Stage and Reply type only accept listed values.
A27: • Days left turns red within 7 days and amber within 21. Follow-up status shows DUE when it is time to send a polite follow-up.
A28: • Match scores are text-overlap guides, not admission predictions.

Sheet Applications
A1: University | B1: Program | C1: Degree | D1: Term | E1: Deadline | F1: Days left | G1: Funding / priority deadline | H1: App fee (USD) | I1: Fee waiver | J1: GRE | K1: English minimum | L1: SOP | M1: Research statement | N1: LORs required | O1: LORs submitted | P1: Transcripts sent | Q1: Test scores sent | R1: Status | S1: Portal link | T1: Notes
A2: Example University (delete this row) | B2: PhD Industrial Engineering | C2: PhD | D2: Fall 2027 | E2: 46371 | F2: =IF(E2="","",E2-TODAY()) | G2: 46357 | H2: 90 | I2: Available | J2: Optional | K2: IELTS 6.5 / TOEFL 80 | L2: Draft | M2: Not started | N2: 3 | O2: 1 | P2: No | Q2: No | R2: In progress | T2: Ask grad school about fee waiver before paying
F3: =IF(E3="","",E3-TODAY())
F4: =IF(E4="","",E4-TODAY())
F5: =IF(E5="","",E5-TODAY())
F6: =IF(E6="","",E6-TODAY())
F7: =IF(E7="","",E7-TODAY())
F8: =IF(E8="","",E8-TODAY())
F9: =IF(E9="","",E9-TODAY())
F10: =IF(E10="","",E10-TODAY())
F11: =IF(E11="","",E11-TODAY())
F12: =IF(E12="","",E12-TODAY())
F13: =IF(E13="","",E13-TODAY())
F14: =IF(E14="","",E14-TODAY())
... F301: =IF(E301="","",E301-TODAY())

Sheet Professor Outreach
A1: Professor | B1: University | C1: Email | D1: Match score | E1: Stage | F1: Email sent | G1: Follow-up due | H1: Follow-up status | I1: Reply date | J1: Reply type | K1: Interview / call date | L1: Notes
A2: Dr. Example Name (delete this row) | B2: Example University | C2: name@example.edu | D2: 78 | E2: Email sent | F2: 46280 | G2: =IF(OR(F2="",I2<>""),"",WORKDAY(F2,Dashboard!$B$22)) | H2: =IF(G2="","",IF(I2<>"","Replied",IF(G2<=TODAY(),"DUE","Waiting"))) | L2: Mentioned their 2025 paper on ...
G3: =IF(OR(F3="",I3<>""),"",WORKDAY(F3,Dashboard!$B$22)) | H3: =IF(G3="","",IF(I3<>"","Replied",IF(G3<=TODAY(),"DUE","Waiting")))
G4: =IF(OR(F4="",I4<>""),"",WORKDAY(F4,Dashboard!$B$22)) | H4: =IF(G4="","",IF(I4<>"","Replied",IF(G4<=TODAY(),"DUE","Waiting")))
G5: =IF(OR(F5="",I5<>""),"",WORKDAY(F5,Dashboard!$B$22)) | H5: =IF(G5="","",IF(I5<>"","Replied",IF(G5<=TODAY(),"DUE","Waiting")))
G6: =IF(OR(F6="",I6<>""),"",WORKDAY(F6,Dashboard!$B$22)) | H6: =IF(G6="","",IF(I6<>"","Replied",IF(G6<=TODAY(),"DUE","Waiting")))
G7: =IF(OR(F7="",I7<>""),"",WORKDAY(F7,Dashboard!$B$22)) | H7: =IF(G7="","",IF(I7<>"","Replied",IF(G7<=TODAY(),"DUE","Waiting")))
G8: =IF(OR(F8="",I8<>""),"",WORKDAY(F8,Dashboard!$B$22)) | H8: =IF(G8="","",IF(I8<>"","Replied",IF(G8<=TODAY(),"DUE","Waiting")))
G9: =IF(OR(F9="",I9<>""),"",WORKDAY(F9,Dashboard!$B$22)) | H9: =IF(G9="","",IF(I9<>"","Replied",IF(G9<=TODAY(),"DUE","Waiting")))
G10: =IF(OR(F10="",I10<>""),"",WORKDAY(F10,Dashboard!$B$22)) | H10: =IF(G10="","",IF(I10<>"","Replied",IF(G10<=TODAY(),"DUE","Waiting")))
G11: =IF(OR(F11="",I11<>""),"",WORKDAY(F11,Dashboard!$B$22)) | H11: =IF(G11="","",IF(I11<>"","Replied",IF(G11<=TODAY(),"DUE","Waiting")))
G12: =IF(OR(F12="",I12<>""),"",WORKDAY(F12,Dashboard!$B$22)) | H12: =IF(G12="","",IF(I12<>"","Replied",IF(G12<=TODAY(),"DUE","Waiting")))
G13: =IF(OR(F13="",I13<>""),"",WORKDAY(F13,Dashboard!$B$22)) | H13: =IF(G13="","",IF(I13<>"","Replied",IF(G13<=TODAY(),"DUE","Waiting")))
G14: =IF(OR(F14="",I14<>""),"",WORKDAY(F14,Dashboard!$B$22)) | H14: =IF(G14="","",IF(I14<>"","Replied",IF(G14<=TODAY(),"DUE","Waiting")))
... G301: =IF(OR(F301="",I301<>""),"",WORKDAY(F301,Dashboard!$B$22)) | H301: =IF(G301="","",IF(I301<>"","Replied",IF(G301<=TODAY(),"DUE","Waiting")))

Sheet Match Results
A1: Professor | B1: University | C1: Department | D1: Overall | E1: Verdict | F1: Topic fit | G1: Evidence overlap | H1: Methods | I1: Research style | J1: Shared keywords | K1: Gap keywords | L1: Methods to learn / add | M1: Profile URL
A3: Scores are based on text overlap between your profile and the professor’s listed interests and papers. They are guides for where to look, not predictions of admission.

Sheet My Profile
A1: Name
A2: Email
A3: Target degree | B3: PhD
A4: Target term
A5: Field
A6: IELTS
A7: TOEFL iBT
A8: Duolingo
A9: GRE
A10: GMAT
A11: Research interests
A12: Skills
A13: Coursework
A14: Publications
A15: Projects

Sheet Lists
A1: Status | B1: FeeWaiver | C1: GRE | D1: DocStatus | E1: YesNo | F1: Stage | G1: Reply | H1: Verdict
A2: Not started | B2: Not available | C2: Required | D2: Not started | E2: Yes | F2: Identified | G2: Enthusiastic | H2: Strong
A3: In progress | B3: Available | C3: Optional | D3: Draft | E3: No | F3: Email drafted | G3: Positive but cautious | H3: Moderate
A4: Submitted | B4: Requested | C4: Not accepted | D4: Final | F4: Email sent | G4: Generic / auto-reply | H4: Weak
A5: Interview | B5: Granted | C5: Waived | D5: Submitted | F5: Follow-up sent | G5: Redirect
A6: Admitted | B6: Denied | D6: N/A | F6: Replied | G6: Negative
A7: Rejected | F7: Interview scheduled
A8: Waitlisted | F8: Confirmed support
A9: Withdrawn | F9: Declined
F10: No response
